master_file,component_files
/mnt/data/dubsync/WB_Proxies/E0091052_COLLATERAL_DAMAGE_16x9_FEATURE_2_0_LTRT_640x360_23976fps_16794167.mp4,/mnt/data/dubsync/WB_Batch_1/ASP2602685_Juice_Productions_COLLATERAL_DAMAGE_16x9_E0239970_FEATURE_STEREO_200016_ITALIAN_audio_16811417.mxf
/mnt/data/dubsync/WB_Proxies/E0091708_MAGNOLIA_16x9_FEATURE_2_0_LTRT_640x360_23976fps_16794168.mp4,/mnt/data/dubsync/WB_Batch_1/ASP2602697_Juice_Productions_MAGNOLIA_16x9_E4875184_FEATURE_5_1_NL9929_FRENCH_PARISIAN_audio_16811418.mxf;/mnt/data/dubsync/WB_Batch_1/ASP2602698_Juice_Productions_MAGNOLIA_16x9_E4875184_FEATURE_2_0_LTRT_NL9929_FRENCH_PARISIAN_audio_16811422.mxf
/mnt/data/dubsync/WB_Proxies/E0294025_LOONEY_TUNES_BACK_IN_ACTION_16x9_FEATURE_2_0_LTRT_640x360_23976fps_16794169.mp4,/mnt/data/dubsync/WB_Batch_1/ASP2602690_Juice_Productions_LOONEY_TUNES_BACK_IN_ACTION_16x9_E0117197_FEATURE_2_0_LTRT_200323_ITALIAN_audio_16811423.mxf
/mnt/data/dubsync/WB_Proxies/E0887620_JASON_X_16x9_FEATURE_2_0_LTRT_640x360_23976fps_16794171.mp4,/mnt/data/dubsync/WB_Batch_1/ASP2596111_Juice_Productions_JASON_X_16x9_E5504586_FEATURE_2_0_LTRT_NL2019_FRENCH_PARISIAN_audio_16803115.mxf
/mnt/data/dubsync/WB_Proxies/E1266729_STRIPTEASE_16x9_FEATURE_2_0_LTRT_640x360_23976fps_16794172.mp4,/mnt/data/dubsync/WB_Batch_1/ASP2602687_Juice_Productions_STRIPTEASE_16x9_E0367426_FEATURE_STEREO_CR9680TH_FRENCH_PARISIAN_audio_16811421.mxf
/mnt/data/dubsync/WB_Proxies/E2212395_ORIGINALS_THE_YR05_17_18_ONE_WRONG_TURN_ON_BOURBON_T4610002_16x9_EPISODE_2_0_LTRT_640x360_23976fps_16825655.mp4,/mnt/data/dubsync/WB_Batch_2/Upload 2/E2303369_WHV_OriginalsS05_02OneWrongTurnOnBourbon_hd25p_ICR16_TJF-J2K_a0.mxf;/mnt/data/dubsync/WB_Batch_2/Upload 2/E2303369_WHV_OriginalsS05_02OneWrongTurnOnBourbon_hd25p_ICR16_TJF-J2K_a1.mxf;/mnt/data/dubsync/WB_Batch_2/Upload 2/E2303369_WHV_OriginalsS05_02OneWrongTurnOnBourbon_hd25p_ICR16_TJF-J2K_a2.mxf;/mnt/data/dubsync/WB_Batch_2/Upload 2/E2303369_WHV_OriginalsS05_02OneWrongTurnOnBourbon_hd25p_ICR16_TJF-J2K_a3.mxf
/mnt/data/dubsync/WB_Proxies/E2212396_ORIGINALS_THE_YR05_17_18_WHERE_YOU_LEFT_YOUR_HEART_T4610001_16x9_EPISODE_2_0_LTRT_640x360_23976fps_16825654.mp4,/mnt/data/dubsync/WB_Batch_2/Upload 2/E2299650_WHV_OriginalsS05_01WhereYouLeftYourHeart_hd25p_ICR16_TJF-J2K_a0.mxf;/mnt/data/dubsync/WB_Batch_2/Upload 2/E2299650_WHV_OriginalsS05_01WhereYouLeftYourHeart_hd25p_ICR16_TJF-J2K_a1.mxf;/mnt/data/dubsync/WB_Batch_2/Upload 2/E2299650_WHV_OriginalsS05_01WhereYouLeftYourHeart_hd25p_ICR16_TJF-J2K_a2.mxf;/mnt/data/dubsync/WB_Batch_2/Upload 2/E2299650_WHV_OriginalsS05_01WhereYouLeftYourHeart_hd25p_ICR16_TJF-J2K_a3.mxf
/mnt/data/dubsync/WB_Proxies/E2212398_ORIGINALS_THE_YR05_17_18_DON_T_IT_JUST_BREAK_YOUR_HEART_T4610005_16x9_EPISODE_2_0_LTRT_640x360_23976fps_16825658.mp4,/mnt/data/dubsync/WB_Batch_2/Upload 2/E2308392_WHV_OriginalsS05_05DontItJustBreakYourHeart_hd25p_ICR15_TJF-J2K_a0.mxf;/mnt/data/dubsync/WB_Batch_2/Upload 2/E2308392_WHV_OriginalsS05_05DontItJustBreakYourHeart_hd25p_ICR15_TJF-J2K_a1.mxf;/mnt/data/dubsync/WB_Batch_2/Upload 2/E2308392_WHV_OriginalsS05_05DontItJustBreakYourHeart_hd25p_ICR15_TJF-J2K_a2.mxf;/mnt/data/dubsync/WB_Batch_2/Upload 2/E2308392_WHV_OriginalsS05_05DontItJustBreakYourHeart_hd25p_ICR15_TJF-J2K_a3.mxf
/mnt/data/dubsync/WB_Proxies/E2212444_ORIGINALS_THE_YR05_17_18_WHAT_WILL_I_HAVE_LEFT_T4610006_16x9_EPISODE_2_0_LTRT_640x360_23976fps_16825659.mp4,/mnt/data/dubsync/WB_Batch_2/Upload 2/E2311217_WHV_OriginalsS05_06WhatWillIHaveLeft_hd25p_ICR10_TJF-J2K_a0.mxf;/mnt/data/dubsync/WB_Batch_2/Upload 2/E2311217_WHV_OriginalsS05_06WhatWillIHaveLeft_hd25p_ICR10_TJF-J2K_a1.mxf;/mnt/data/dubsync/WB_Batch_2/Upload 2/E2311217_WHV_OriginalsS05_06WhatWillIHaveLeft_hd25p_ICR10_TJF-J2K_a2.mxf;/mnt/data/dubsync/WB_Batch_2/Upload 2/E2311217_WHV_OriginalsS05_06WhatWillIHaveLeft_hd25p_ICR10_TJF-J2K_a3.mxf
/mnt/data/dubsync/WB_Proxies/E2212446_ORIGINALS_THE_YR05_17_18_WE_HAVE_NOT_LONG_TO_LOVE_T4610009_16x9_EPISODE_2_0_LTRT_640x360_23976fps_16825662.mp4,/mnt/data/dubsync/WB_Batch_2/Upload 2/E2316733_WHV_OriginalsS05_09WeHaveNotLongToLove_hd25p_ICR16_TJF-J2K_a0.mxf;/mnt/data/dubsync/WB_Batch_2/Upload 2/E2316733_WHV_OriginalsS05_09WeHaveNotLongToLove_hd25p_ICR16_TJF-J2K_a1.mxf;/mnt/data/dubsync/WB_Batch_2/Upload 2/E2316733_WHV_OriginalsS05_09WeHaveNotLongToLove_hd25p_ICR16_TJF-J2K_a2.mxf;/mnt/data/dubsync/WB_Batch_2/Upload 2/E2316733_WHV_OriginalsS05_09WeHaveNotLongToLove_hd25p_ICR16_TJF-J2K_a3.mxf
/mnt/data/dubsync/WB_Proxies/E2212447_ORIGINALS_THE_YR05_17_18_THERE_IN_THE_DISAPPEARING_LIGHT_T4610010_16x9_EPISODE_2_0_LTRT_640x360_23976fps_16825663.mp4,/mnt/data/dubsync/WB_Batch_2/Upload 2/E2317996_WHV_OriginalsS05_10ThereInTheDisappearingLight_hd25p_ICR11_TJF-J2K_a0.mxf;/mnt/data/dubsync/WB_Batch_2/Upload 2/E2317996_WHV_OriginalsS05_10ThereInTheDisappearingLight_hd25p_ICR11_TJF-J2K_a1.mxf;/mnt/data/dubsync/WB_Batch_2/Upload 2/E2317996_WHV_OriginalsS05_10ThereInTheDisappearingLight_hd25p_ICR11_TJF-J2K_a2.mxf;/mnt/data/dubsync/WB_Batch_2/Upload 2/E2317996_WHV_OriginalsS05_10ThereInTheDisappearingLight_hd25p_ICR11_TJF-J2K_a3.mxf
/mnt/data/dubsync/WB_Proxies/E2212448_ORIGINALS_THE_YR05_17_18_TIL_THE_DAY_I_DIE_T4610011_16x9_EPISODE_2_0_LTRT_640x360_23976fps_16825664.mp4,/mnt/data/dubsync/WB_Batch_2/Upload 2/E2319083_WHV_OriginalsTheS05_11TilTheDayIDie_hd25p_ICR10_TJF-J2K_a0.mxf;/mnt/data/dubsync/WB_Batch_2/Upload 2/E2319083_WHV_OriginalsTheS05_11TilTheDayIDie_hd25p_ICR10_TJF-J2K_a1.mxf;/mnt/data/dubsync/WB_Batch_2/Upload 2/E2319083_WHV_OriginalsTheS05_11TilTheDayIDie_hd25p_ICR10_TJF-J2K_a2.mxf;/mnt/data/dubsync/WB_Batch_2/Upload 2/E2319083_WHV_OriginalsTheS05_11TilTheDayIDie_hd25p_ICR10_TJF-J2K_a3.mxf
/mnt/data/dubsync/WB_Proxies/E2212856_ORIGINALS_THE_YR05_17_18_NE_ME_QUITTE_PAS_T4610003_16x9_EPISODE_2_0_LTRT_640x360_23976fps_16825656.mp4,/mnt/data/dubsync/WB_Batch_2/Upload 2/E2305208_WHV_OriginalsS05_03NeMeQuittePas_hd25p_ICR12_TJF-J2K_a0.mxf;/mnt/data/dubsync/WB_Batch_2/Upload 2/E2305208_WHV_OriginalsS05_03NeMeQuittePas_hd25p_ICR12_TJF-J2K_a1.mxf;/mnt/data/dubsync/WB_Batch_2/Upload 2/E2305208_WHV_OriginalsS05_03NeMeQuittePas_hd25p_ICR12_TJF-J2K_a2.mxf;/mnt/data/dubsync/WB_Batch_2/Upload 2/E2305208_WHV_OriginalsS05_03NeMeQuittePas_hd25p_ICR12_TJF-J2K_a3.mxf
/mnt/data/dubsync/WB_Proxies/E2317160_PRETTY_LITTLE_LIARS_THE_PERFECTIONISTS_YR01_18_19_DEAD_WEEK_U1313407_16x9_EPISODE_2_0_LTRT_640x360_23976fps_16794179.mp4,/mnt/data/dubsync/WB_Batch_1/ASP2596020_Juice_Productions_PRETTY_LITTLE_LIARS_THE_PERFECTIONISTS_YR01_18_19_DEAD_WEEK_U1313407_16x9_E2500342_EPISODE_2_0_LTRT_GERMAN_audio_16803375.mxf;/mnt/data/dubsync/WB_Batch_1/ASP2596140_Juice_Productions_PRETTY_LITTLE_LIARS_THE_PERFECTIONISTS_YR01_18_19_DEAD_WEEK_U1313407_16x9_E2500342_EPISODE_5_1_GERMAN_audio_16803384.mxf
/mnt/data/dubsync/WB_Proxies/E2317161_PRETTY_LITTLE_LIARS_THE_PERFECTIONISTS_YR01_18_19_HOOK_LINE_AND_BOOKER_U1313408_16x9_EPISODE_2_0_LTRT_640x360_23976fps_16794180.mp4,/mnt/data/dubsync/WB_Batch_1/ASP2596028_Juice_Productions_PRETTY_LITTLE_LIARS_THE_PERFECTIONISTS_YR01_18_19_HOOK_LINE_AND_BOOKER_U1313408_16x9_E2500343_EPISODE_2_0_LTRT_GERMAN_audio_16803376.mxf;/mnt/data/dubsync/WB_Batch_1/ASP2596126_Juice_Productions_PRETTY_LITTLE_LIARS_THE_PERFECTIONISTS_YR01_18_19_HOOK_LINE_AND_BOOKER_U1313408_16x9_E2500343_EPISODE_5_1_GERMAN_audio_16803385.mxf
/mnt/data/dubsync/WB_Proxies/E2317251_PRETTY_LITTLE_LIARS_THE_PERFECTIONISTS_YR01_18_19_ENTER_THE_PROFESSOR_U1313410_16x9_EPISODE_2_0_LTRT_640x360_23976fps_16794182.mp4,/mnt/data/dubsync/WB_Batch_1/ASP2595980_Juice_Productions_PRETTY_LITTLE_LIARS_THE_PERFECTIONISTS_YR01_18_19_ENTER_THE_PROFESSOR_U1313410_16x9_E2500236_EPISODE_2_0_LTRT_GERMAN_audio_16803378.mxf;/mnt/data/dubsync/WB_Batch_1/ASP2596110_Juice_Productions_PRETTY_LITTLE_LIARS_THE_PERFECTIONISTS_YR01_18_19_ENTER_THE_PROFESSOR_U1313410_16x9_E2500236_EPISODE_5_1_GERMAN_audio_16803387.mxf
/mnt/data/dubsync/WB_Proxies/E2317653_PRETTY_LITTLE_LIARS_THE_PERFECTIONISTS_YR01_18_19_LOST_AND_FOUND_U1313406_16x9_EPISODE_2_0_LTRT_640x360_23976fps_16794178.mp4,/mnt/data/dubsync/WB_Batch_1/ASP2595977_Juice_Productions_PRETTY_LITTLE_LIARS_THE_PERFECTIONISTS_YR01_18_19_LOST_AND_FOUND_U1313406_16x9_E2500341_EPISODE_2_0_LTRT_GERMAN_audio_16803374.mxf;/mnt/data/dubsync/WB_Batch_1/ASP2596081_Juice_Productions_PRETTY_LITTLE_LIARS_THE_PERFECTIONISTS_YR01_18_19_LOST_AND_FOUND_U1313406_16x9_E2500341_EPISODE_5_1_GERMAN_audio_16803383.mxf
/mnt/data/dubsync/WB_Proxies/E2317654_PRETTY_LITTLE_LIARS_THE_PERFECTIONISTS_YR01_18_19_LIE_TOGETHER_DIE_TOGETHER_U1313409_16x9_EPISODE_2_0_LTRT_640x360_23976fps_16794181.mp4,/mnt/data/dubsync/WB_Batch_1/ASP2596084_Juice_Productions_PRETTY_LITTLE_LIARS_THE_PERFECTIONISTS_YR01_18_19_LIE_TOGETHER_DIE_TOGETHER_U1313409_16x9_E2500986_EPISODE_2_0_LTRT_GERMAN_audio_16803377.mxf;/mnt/data/dubsync/WB_Batch_1/ASP2596119_Juice_Productions_PRETTY_LITTLE_LIARS_THE_PERFECTIONISTS_YR01_18_19_LIE_TOGETHER_DIE_TOGETHER_U1313409_16x9_E2500986_EPISODE_5_1_GERMAN_audio_16803386.mxf
/mnt/data/dubsync/WB_Proxies/E2317710_PRETTY_LITTLE_LIARS_THE_PERFECTIONISTS_YR01_18_19_IF_ONE_OF_THEM_IS_DEAD_U1313403_16x9_EPISODE_2_0_LTRT_640x360_23976fps_16794175.mp4,/mnt/data/dubsync/WB_Batch_1/ASP2596030_Juice_Productions_PRETTY_LITTLE_LIARS_THE_PERFECTIONISTS_YR01_18_19_IF_ONE_OF_THEM_IS_DEAD_U1313403_16x9_E2500338_EPISODE_2_0_LTRT_GERMAN_audio_16803371.mxf;/mnt/data/dubsync/WB_Batch_1/ASP2596118_Juice_Productions_PRETTY_LITTLE_LIARS_THE_PERFECTIONISTS_YR01_18_19_IF_ONE_OF_THEM_IS_DEAD_U1313403_16x9_E2500338_EPISODE_5_1_GERMAN_audio_16803380.mxf
/mnt/data/dubsync/WB_Proxies/E2317893_PRETTY_LITTLE_LIARS_THE_PERFECTIONISTS_YR01_18_19_GHOST_SONATA_THE_U1313404_16x9_EPISODE_2_0_LTRT_640x360_23976fps_16794176.mp4,/mnt/data/dubsync/WB_Batch_1/ASP2596021_Juice_Productions_PRETTY_LITTLE_LIARS_THE_PERFECTIONISTS_YR01_18_19_GHOST_SONATA_THE_U1313404_16x9_E2500339_EPISODE_2_0_LTRT_GERMAN_audio_16803372.mxf;/mnt/data/dubsync/WB_Batch_1/ASP2596027_Juice_Productions_PRETTY_LITTLE_LIARS_THE_PERFECTIONISTS_YR01_18_19_GHOST_SONATA_THE_U1313404_16x9_E2500339_EPISODE_5_1_GERMAN_audio_16803381.mxf
/mnt/data/dubsync/WB_Proxies/E2317894_PRETTY_LITTLE_LIARS_THE_PERFECTIONISTS_YR01_18_19_PATCHWORK_GIRL_THE_U1313405_16x9_EPISODE_2_0_LTRT_640x360_23976fps_16794177.mp4,/mnt/data/dubsync/WB_Batch_1/ASP2595949_Juice_Productions_PRETTY_LITTLE_LIARS_THE_PERFECTIONISTS_YR01_18_19_PATCHWORK_GIRL_THE_U1313405_16x9_E2500340_EPISODE_2_0_LTRT_GERMAN_audio_16803373.mxf;/mnt/data/dubsync/WB_Batch_1/ASP2596026_Juice_Productions_PRETTY_LITTLE_LIARS_THE_PERFECTIONISTS_YR01_18_19_PATCHWORK_GIRL_THE_U1313405_16x9_E2500340_EPISODE_5_1_GERMAN_audio_16803382.mxf
/mnt/data/dubsync/WB_Proxies/E2317895_PRETTY_LITTLE_LIARS_THE_PERFECTIONISTS_YR01_18_19_PILOT_U1110050_16x9_EPISODE_2_0_LTRT_640x360_23976fps_16794173.mp4,/mnt/data/dubsync/WB_Batch_1/ASP2595967_Juice_Productions_PRETTY_LITTLE_LIARS_THE_PERFECTIONISTS_YR01_18_19_PILOT_U1110050_16x9_E2501933_EPISODE_2_0_LTRT_GERMAN_audio_16803367.mxf;/mnt/data/dubsync/WB_Batch_1/ASP2596127_Juice_Productions_PRETTY_LITTLE_LIARS_THE_PERFECTIONISTS_YR01_18_19_PILOT_U1110050_16x9_E2501933_EPISODE_5_1_GERMAN_audio_16803368.mxf;/mnt/data/dubsync/WB_Batch_2/Upload 3/ASP2649660_Juice_Productions_PRETTY_LITTLE_LIARS_THE_PERFECTIONISTS_YR01_18_19_PILOT_U1110050_16x9_E2317895_EPISODE_2_0_LTRT_GERMAN_audio_16823174.mxf
/mnt/data/dubsync/WB_Proxies/E2318190_PRETTY_LITTLE_LIARS_THE_PERFECTIONISTS_YR01_18_19_SEX_LIES_AND_ALIBIS_U1313402_16x9_EPISODE_2_0_LTRT_640x360_23976fps_16794174.mp4,/mnt/data/dubsync/WB_Batch_1/ASP2595924_Juice_Productions_PRETTY_LITTLE_LIARS_THE_PERFECTIONISTS_YR01_18_19_SEX_LIES_AND_ALIBIS_U1313402_16x9_E2500337_EPISODE_2_0_LTRT_GERMAN_audio_16803370.mxf;/mnt/data/dubsync/WB_Batch_1/ASP2596014_Juice_Productions_PRETTY_LITTLE_LIARS_THE_PERFECTIONISTS_YR01_18_19_SEX_LIES_AND_ALIBIS_U1313402_16x9_E2500337_EPISODE_5_1_GERMAN_audio_16803379.mxf
/mnt/data/dubsync/WB_Proxies/E2412762_GENTLEMAN_JACK_YR01_19_20_OH_IS_THAT_WHAT_YOU_CALL_IT_103_16x9_EPISODE_2_0_LTRT_640x360_23976fps_16794223.mp4,/mnt/data/dubsync/WB_Batch_1/ASP2595317_Juice_Productions_GENTLEMAN_JACK_YR01_19_20_OH_IS_THAT_WHAT_YOU_CALL_IT_103_16x9_E2440361_EPISODE_2_0_LTRT_FRENCH_PARISIAN_audio_16802305.mxf;/mnt/data/dubsync/WB_Batch_1/ASP2595360_Juice_Productions_GENTLEMAN_JACK_YR01_19_20_OH_IS_THAT_WHAT_YOU_CALL_IT_103_16x9_E2440361_EPISODE_5_1_FRENCH_PARISIAN_audio_16802313.mxf
/mnt/data/dubsync/WB_Proxies/E2412763_GENTLEMAN_JACK_YR01_19_20_MOST_WOMEN_ARE_DULL_AND_STUPID_104_16x9_EPISODE_STEREO_640x360_23976fps_16794224.mp4,/mnt/data/dubsync/WB_Batch_1/ASP2595338_Juice_Productions_GENTLEMAN_JACK_YR01_19_20_MOST_WOMEN_ARE_DULL_AND_STUPID_104_16x9_E2441136_EPISODE_2_0_LTRT_FRENCH_PARISIAN_audio_16802306.mxf;/mnt/data/dubsync/WB_Batch_1/ASP2595353_Juice_Productions_GENTLEMAN_JACK_YR01_19_20_MOST_WOMEN_ARE_DULL_AND_STUPID_104_16x9_E2441136_EPISODE_5_1_FRENCH_PARISIAN_audio_16802314.mxf
/mnt/data/dubsync/WB_Proxies/E2414893_GENTLEMAN_JACK_YR01_19_20_WHY_VE_YOU_BROUGHT_THAT_107_16x9_EPISODE_2_0_LTRT_640x360_23976fps_16794227.mp4,/mnt/data/dubsync/WB_Batch_1/ASP2595510_Juice_Productions_GENTLEMAN_JACK_YR01_19_20_WHY_VE_YOU_BROUGHT_THAT_107_16x9_E2441333_EPISODE_2_0_LTRT_FRENCH_PARISIAN_audio_16802309.mxf;/mnt/data/dubsync/WB_Batch_1/ASP2595562_Juice_Productions_GENTLEMAN_JACK_YR01_19_20_WHY_VE_YOU_BROUGHT_THAT_107_16x9_E2441333_EPISODE_5_1_FRENCH_PARISIAN_audio_16802317.mxf
/mnt/data/dubsync/WB_Proxies/E2414894_GENTLEMAN_JACK_YR01_19_20_ARE_YOU_STILL_TALKING_108_16x9_EPISODE_2_0_LTRT_640x360_23976fps_16794228.mp4,/mnt/data/dubsync/WB_Batch_1/ASP2595357_Juice_Productions_GENTLEMAN_JACK_YR01_19_20_ARE_YOU_STILL_TALKING_108_16x9_E2440116_EPISODE_2_0_LTRT_FRENCH_PARISIAN_audio_16802310.mxf;/mnt/data/dubsync/WB_Batch_1/ASP2595503_Juice_Productions_GENTLEMAN_JACK_YR01_19_20_ARE_YOU_STILL_TALKING_108_16x9_E2440116_EPISODE_5_1_FRENCH_PARISIAN_audio_16802318.mxf
/mnt/data/dubsync/WB_Proxies/E2415396_GENTLEMAN_JACK_YR01_19_20_I_JUST_WENT_THERE_TO_STUDY_ANATOMY_102_16x9_EPISODE_2_0_LTRT_640x360_23976fps_16794222.mp4,/mnt/data/dubsync/WB_Batch_1/ASP2595334_Juice_Productions_GENTLEMAN_JACK_YR01_19_20_I_JUST_WENT_THERE_TO_STUDY_ANATOMY_102_16x9_E2439673_EPISODE_2_0_LTRT_FRENCH_PARISIAN_audio_16802304.mxf;/mnt/data/dubsync/WB_Batch_1/ASP2595460_Juice_Productions_GENTLEMAN_JACK_YR01_19_20_I_JUST_WENT_THERE_TO_STUDY_ANATOMY_102_16x9_E2439673_EPISODE_5_1_FRENCH_PARISIAN_audio_16802312.mxf
/mnt/data/dubsync/WB_Proxies/E2415397_GENTLEMAN_JACK_YR01_19_20_I_WAS_JUST_PASSSING_101_16x9_EPISODE_2_0_LTRT_640x360_23976fps_16794221.mp4,/mnt/data/dubsync/WB_Batch_1/ASP2595299_Juice_Productions_GENTLEMAN_JACK_YR01_19_20_I_WAS_JUST_PASSSING_101_16x9_E2439982_EPISODE_2_0_LTRT_FRENCH_PARISIAN_audio_16802303.mxf;/mnt/data/dubsync/WB_Batch_1/ASP2595617_Juice_Productions_GENTLEMAN_JACK_YR01_19_20_I_WAS_JUST_PASSSING_101_16x9_E2439982_EPISODE_5_1_FRENCH_PARISIAN_audio_16802311.mxf
/mnt/data/dubsync/WB_Proxies/E2415398_GENTLEMAN_JACK_YR01_19_20_DO_LADIES_DO_THAT_106_16x9_EPISODE_2_0_LTRT_640x360_23976fps_16794226.mp4,/mnt/data/dubsync/WB_Batch_1/ASP2595481_Juice_Productions_GENTLEMAN_JACK_YR01_19_20_DO_LADIES_DO_THAT_106_16x9_E2440362_EPISODE_5_1_FRENCH_PARISIAN_audio_16802316.mxf;/mnt/data/dubsync/WB_Batch_1/ASP2595625_Juice_Productions_GENTLEMAN_JACK_YR01_19_20_DO_LADIES_DO_THAT_106_16x9_E2440362_EPISODE_2_0_LTRT_FRENCH_PARISIAN_audio_16802308.mxf
/mnt/data/dubsync/WB_Proxies/E2415741_GENTLEMAN_JACK_YR01_19_20_LET_S_HAVE_ANOTHER_LOOK_AT_YOUR_PAST_105_16x9_EPISODE_2_0_LTRT_640x360_23976fps_16794225.mp4,/mnt/data/dubsync/WB_Batch_1/ASP2595371_Juice_Productions_GENTLEMAN_JACK_YR01_19_20_LET_S_HAVE_ANOTHER_LOOK_AT_YOUR_PAST_105_16x9_E2440157_EPISODE_5_1_FRENCH_PARISIAN_audio_16802315.mxf;/mnt/data/dubsync/WB_Batch_1/ASP2595644_Juice_Productions_GENTLEMAN_JACK_YR01_19_20_LET_S_HAVE_ANOTHER_LOOK_AT_YOUR_PAST_105_16x9_E2440157_EPISODE_2_0_LTRT_FRENCH_PARISIAN_audio_16802307.mxf
/mnt/data/dubsync/WB_Proxies/E2448955_WE_RE_HERE_YR01_20_21_BRANSON_MO_103_16x9_EPISODE_STEREO_640x360_23976fps_16825669.mp4,/mnt/data/dubsync/WB_Batch_2/Upload 2/E3946435_WeReHere_003_E3946435_feature_FR_ENG_24H_1_2_A.mxf;/mnt/data/dubsync/WB_Batch_2/Upload 2/E3946435_WeReHere_003_E3946435_feature_FR_ENG_24H_5_6_C.mxf;/mnt/data/dubsync/WB_Batch_2/Upload 2/E3946435_WeReHere_003_E3946435_feature_FR_ENG_24H_7_8_D.mxf;/mnt/data/dubsync/WB_Batch_2/Upload 2/E3946435_WeReHere_003_E3946435_feature_FR_ENG_24H_9_10_E.mxf
/mnt/data/dubsync/WB_Proxies/E2448956_WE_RE_HERE_YR01_20_21_FARMINGTON_NEW_MEXICO_104_16x9_EPISODE_STEREO_640x360_23976fps_16825670.mp4,/mnt/data/dubsync/WB_Batch_2/Upload 2/E3946483_WeReHere_004_feature_FR_ENG_24H_1_2_A.mxf;/mnt/data/dubsync/WB_Batch_2/Upload 2/E3946483_WeReHere_004_feature_FR_ENG_24H_5_6_C.mxf;/mnt/data/dubsync/WB_Batch_2/Upload 2/E3946483_WeReHere_004_feature_FR_ENG_24H_7_8_D.mxf;/mnt/data/dubsync/WB_Batch_2/Upload 2/E3946483_WeReHere_004_feature_FR_ENG_24H_9_10_E.mxf
/mnt/data/dubsync/WB_Proxies/E2448957_WE_RE_HERE_YR01_20_21_SPARTANBURG_WE_MAKE_IT_WORK_106_16x9_EPISODE_STEREO_640x360_23976fps_16825672.mp4,/mnt/data/dubsync/WB_Batch_2/Upload 2/E3919285_WeReHere_006_feature_FR_ENG_24H_1_2_A.mxf;/mnt/data/dubsync/WB_Batch_2/Upload 2/E3919285_WeReHere_006_feature_FR_ENG_24H_5_6_C.mxf;/mnt/data/dubsync/WB_Batch_2/Upload 2/E3919285_WeReHere_006_feature_FR_ENG_24H_7_8_D.mxf;/mnt/data/dubsync/WB_Batch_2/Upload 2/E3919285_WeReHere_006_feature_FR_ENG_24H_9_10_E.mxf
/mnt/data/dubsync/WB_Proxies/E2450343_WE_RE_HERE_YR01_20_21_GETTYSBURG_PENNSYLVANIA_101_16x9_EPISODE_STEREO_640x360_23976fps_16825667.mp4,/mnt/data/dubsync/WB_Batch_2/Upload 2/E3946433_WeReHere_001_E3946433_feature_FR_2.0_5.1_ENG_2.0_5.1_24H_1_2_A.mxf;/mnt/data/dubsync/WB_Batch_2/Upload 2/E3946433_WeReHere_001_E3946433_feature_FR_2.0_5.1_ENG_2.0_5.1_24H_5_6_C.mxf;/mnt/data/dubsync/WB_Batch_2/Upload 2/E3946433_WeReHere_001_E3946433_feature_FR_2.0_5.1_ENG_2.0_5.1_24H_7_8_D.mxf;/mnt/data/dubsync/WB_Batch_2/Upload 2/E3946433_WeReHere_001_E3946433_feature_FR_2.0_5.1_ENG_2.0_5.1_24H_9_10_E.mxf
/mnt/data/dubsync/WB_Proxies/E2450344_WE_RE_HERE_YR01_20_21_TWIN_FALLS_IDAHO_102_16x9_EPISODE_STEREO_640x360_23976fps_16825668.mp4,/mnt/data/dubsync/WB_Batch_2/Upload 2/E3946434_WeReHere_002_E3946434_feature_FR_ENG_24H_1_2_A.mxf;/mnt/data/dubsync/WB_Batch_2/Upload 2/E3946434_WeReHere_002_E3946434_feature_FR_ENG_24H_5_6_C.mxf;/mnt/data/dubsync/WB_Batch_2/Upload 2/E3946434_WeReHere_002_E3946434_feature_FR_ENG_24H_7_8_D.mxf;/mnt/data/dubsync/WB_Batch_2/Upload 2/E3946434_WeReHere_002_E3946434_feature_FR_ENG_24H_9_10_E.mxf
/mnt/data/dubsync/WB_Proxies/E2450345_WE_RE_HERE_YR01_20_21_RUSTON_LOUISANNA_105_16x9_EPISODE_STEREO_640x360_23976fps_16825671.mp4,/mnt/data/dubsync/WB_Batch_2/Upload 2/E3946484_WeReHere_005_feature_FR_ENG_24H_1_2_A.mxf;/mnt/data/dubsync/WB_Batch_2/Upload 2/E3946484_WeReHere_005_feature_FR_ENG_24H_5_6_C.mxf;/mnt/data/dubsync/WB_Batch_2/Upload 2/E3946484_WeReHere_005_feature_FR_ENG_24H_7_8_D.mxf;/mnt/data/dubsync/WB_Batch_2/Upload 2/E3946484_WeReHere_005_feature_FR_ENG_24H_9_10_E.mxf
/mnt/data/dubsync/WB_Proxies/E2454931_GREY_GARDENS_16x9_FEATURE_2_0_LTRT_640x360_23976fps_16794230.mp4,/mnt/data/dubsync/WB_Batch_1/ASP2595711_Juice_Productions_GREY_GARDENS_16x9_E3593488_FEATURE_STEREO_PA1421_FRENCH_PARISIAN_audio_16802319.mxf;/mnt/data/dubsync/WB_Batch_1/ASP2595803_Juice_Productions_GREY_GARDENS_16x9_E3593488_FEATURE_5_1_PA1421_FRENCH_PARISIAN_audio_16802320.mxf
/mnt/data/dubsync/WB_Proxies/E2456146_WIZARD_OF_LIES_THE_16x9_FEATURE_2_0_LTRT_640x360_23976fps_16794231.mp4,/mnt/data/dubsync/WB_Batch_1/ASP2596063_Juice_Productions_WIZARD_OF_LIES_THE_16x9_E3581092_FEATURE_5_1_FRENCH_PARISIAN_audio_16803084.mxf;/mnt/data/dubsync/WB_Batch_1/ASP2596074_Juice_Productions_WIZARD_OF_LIES_THE_16x9_E3581092_FEATURE_STEREO_FRENCH_PARISIAN_audio_16803080.mxf
/mnt/data/dubsync/WB_Proxies/E2463608_V_FOR_VENDETTA_16x9_FEATURE_2_0_LTRT_640x360_23976fps_16826317.mp4,/mnt/data/dubsync/WB_Batch_2/Upload 3/ASP2651144_Juice_Productions_V_FOR_VENDETTA_16x9_E0164510_FEATURE_STEREO_200547_GERMAN_audio_16836678.mxf;/mnt/data/dubsync/WB_Batch_2/Upload 3/ASP2651150_Juice_Productions_V_FOR_VENDETTA_16x9_E0164510_FEATURE_5_1_200547_GERMAN_audio_16836681.mxf
/mnt/data/dubsync/WB_Proxies/E2465488_JOHN_ADAMS_DON_T_TREAD_ON_ME_03_16x9_EPISODE_STEREO_640x360_23976fps_16794235.mp4,/mnt/data/dubsync/WB_Batch_1/ASP2595848_Juice_Productions_JOHN_ADAMS_DON_T_TREAD_ON_ME_03_16x9_E2523507_EPISODE_2_0_LTRT_FRENCH_PARISIAN_audio_16803070.mxf;/mnt/data/dubsync/WB_Batch_2/Upload 3/ASP2649654_Juice_Productions_JOHN_ADAMS_DON_T_TREAD_ON_ME_03_16x9_E2465488_EPISODE_STEREO_FRENCH_PARISIAN_audio_16823720.mxf
/mnt/data/dubsync/WB_Proxies/E2465489_JOHN_ADAMS_UNITE_OR_DIE_05_16x9_EPISODE_STEREO_640x360_23976fps_16794237.mp4,/mnt/data/dubsync/WB_Batch_1/ASP2595981_Juice_Productions_JOHN_ADAMS_UNITE_OR_DIE_05_16x9_E2523099_EPISODE_2_0_LTRT_FRENCH_PARISIAN_audio_16803072.mxf;/mnt/data/dubsync/WB_Batch_2/Upload 3/ASP2649730_Juice_Productions_JOHN_ADAMS_UNITE_OR_DIE_05_16x9_E2465489_EPISODE_STEREO_FRENCH_PARISIAN_audio_16823722.mxf
/mnt/data/dubsync/WB_Proxies/E2466150_JOHN_ADAMS_REUNION_04_16x9_EPISODE_STEREO_640x360_23976fps_16794236.mp4,/mnt/data/dubsync/WB_Batch_1/ASP2595678_Juice_Productions_JOHN_ADAMS_REUNION_04_16x9_E2523508_EPISODE_2_0_LTRT_FRENCH_PARISIAN_audio_16803071.mxf;/mnt/data/dubsync/WB_Batch_2/Upload 3/ASP2649644_Juice_Productions_JOHN_ADAMS_REUNION_04_16x9_E2466150_EPISODE_STEREO_FRENCH_PARISIAN_audio_16823721.mxf
/mnt/data/dubsync/WB_Proxies/E2466440_JOHN_ADAMS_INDEPENDENCE_02_16x9_EPISODE_STEREO_640x360_23976fps_16794234.mp4,/mnt/data/dubsync/WB_Batch_1/ASP2595802_Juice_Productions_JOHN_ADAMS_INDEPENDENCE_02_16x9_E2523506_EPISODE_2_0_LTRT_FRENCH_PARISIAN_audio_16803069.mxf;/mnt/data/dubsync/WB_Batch_2/Upload 3/ASP2649664_Juice_Productions_JOHN_ADAMS_INDEPENDENCE_02_16x9_E2466440_EPISODE_STEREO_FRENCH_PARISIAN_audio_16823719.mxf
/mnt/data/dubsync/WB_Proxies/E2466743_JOHN_ADAMS_JOIN_OR_DIE_01_16x9_EPISODE_STEREO_640x360_23976fps_16794233.mp4,/mnt/data/dubsync/WB_Batch_1/ASP2595709_Juice_Productions_JOHN_ADAMS_JOIN_OR_DIE_01_16x9_E2523505_EPISODE_2_0_LTRT_FRENCH_PARISIAN_audio_16803067.mxf;/mnt/data/dubsync/WB_Batch_2/Upload 3/ASP2649649_Juice_Productions_JOHN_ADAMS_JOIN_OR_DIE_01_16x9_E2466743_EPISODE_STEREO_FRENCH_PARISIAN_audio_16823718.mxf
/mnt/data/dubsync/WB_Proxies/E2466744_JOHN_ADAMS_PEACEFIELD_07_16x9_EPISODE_STEREO_640x360_23976fps_16794232.mp4,/mnt/data/dubsync/WB_Batch_1/ASP2595819_Juice_Productions_JOHN_ADAMS_PEACEFIELD_07_16x9_E2523170_EPISODE_2_0_LTRT_FRENCH_PARISIAN_audio_16803074.mxf;/mnt/data/dubsync/WB_Batch_2/Upload 3/ASP2649651_Juice_Productions_JOHN_ADAMS_PEACEFIELD_07_16x9_E2466744_EPISODE_STEREO_FRENCH_PARISIAN_audio_16823717.mxf
/mnt/data/dubsync/WB_Proxies/E2466846_JOHN_ADAMS_UNNECESSARY_WAR_06_16x9_EPISODE_STEREO_640x360_23976fps_16794238.mp4,/mnt/data/dubsync/WB_Batch_1/ASP2595963_Juice_Productions_JOHN_ADAMS_UNNECESSARY_WAR_06_16x9_E2524151_EPISODE_2_0_LTRT_FRENCH_PARISIAN_audio_16803073.mxf;/mnt/data/dubsync/WB_Batch_2/Upload 3/ASP2649741_Juice_Productions_JOHN_ADAMS_UNNECESSARY_WAR_06_16x9_E2466846_EPISODE_STEREO_FRENCH_PARISIAN_audio_16823723.mxf
/mnt/data/dubsync/WB_Proxies/E2483584_UNPREGNANT_16x9_FEATURE_2_0_LTRT_640x360_23976fps_16794239.mp4,/mnt/data/dubsync/WB_Batch_1/ASP2595878_Juice_Productions_UNPREGNANT_16x9_E2483933_FEATURE_2_0_LTRT_FRENCH_PARISIAN_audio_16803079.mxf;/mnt/data/dubsync/WB_Batch_1/ASP2595982_Juice_Productions_UNPREGNANT_16x9_E2483933_FEATURE_5_1_FRENCH_PARISIAN_audio_16803083.mxf
/mnt/data/dubsync/WB_Proxies/E2504885_TAKING_CHANCE_16x9_FEATURE_2_0_LTRT_640x360_23976fps_16794240.mp4,/mnt/data/dubsync/WB_Batch_1/ASP2595753_Juice_Productions_TAKING_CHANCE_16x9_E3579183_FEATURE_STEREO_PA1404_FRENCH_PARISIAN_audio_16803077.mxf;/mnt/data/dubsync/WB_Batch_1/ASP2595815_Juice_Productions_TAKING_CHANCE_16x9_E3579183_FEATURE_5_1_PA1404_FRENCH_PARISIAN_audio_16803082.mxf
/mnt/data/dubsync/WB_Proxies/E2506134_TOUR_DE_PHARMACY_16x9_FEATURE_2_0_LTRT_1920x1080_2997fps_16794241.mp4,/mnt/data/dubsync/WB_Batch_1/ASP2595579_Juice_Productions_TOUR_DE_PHARMACY_16x9_E3584592_FEATURE_STEREO_FRENCH_PARISIAN_audio_16803078.mxf
/mnt/data/dubsync/WB_Proxies/E2531085_HELLO_LADIES_YR01_13_14_PILOT_101_16x9_EPISODE_2_0_LTRT_640x360_23976fps_16794249.mp4,/mnt/data/dubsync/WB_Batch_1/ASP2595365_Juice_Productions_HELLO_LADIES_YR01_13_14_PILOT_101_16x9_E2530987_EPISODE_2_0_LTRT_PA1552_FRENCH_PARISIAN_audio_16802321.mxf;/mnt/data/dubsync/WB_Batch_1/ASP2595455_Juice_Productions_HELLO_LADIES_YR01_13_14_PILOT_101_16x9_E2530987_EPISODE_5_1_PA1552_FRENCH_PARISIAN_audio_16802329.mxf
/mnt/data/dubsync/WB_Proxies/E2531086_HELLO_LADIES_YR01_13_14_DATE_THE_103_16x9_EPISODE_2_0_LTRT_640x360_23976fps_16794247.mp4,/mnt/data/dubsync/WB_Batch_1/ASP2595402_Juice_Productions_HELLO_LADIES_YR01_13_14_DATE_THE_103_16x9_E2530989_EPISODE_2_0_LTRT_PA1552_FRENCH_PARISIAN_audio_16802323.mxf;/mnt/data/dubsync/WB_Batch_1/ASP2595420_Juice_Productions_HELLO_LADIES_YR01_13_14_DATE_THE_103_16x9_E2530989_EPISODE_5_1_PA1552_FRENCH_PARISIAN_audio_16802331.mxf
/mnt/data/dubsync/WB_Proxies/E2531087_HELLO_LADIES_YR01_13_14_DINNER_THE_104_16x9_EPISODE_2_0_LTRT_640x360_23976fps_16794246.mp4,/mnt/data/dubsync/WB_Batch_1/ASP2595412_Juice_Productions_HELLO_LADIES_YR01_13_14_DINNER_THE_104_16x9_E2530990_EPISODE_2_0_LTRT_PA1552_FRENCH_PARISIAN_audio_16802324.mxf;/mnt/data/dubsync/WB_Batch_1/ASP2595418_Juice_Productions_HELLO_LADIES_YR01_13_14_DINNER_THE_104_16x9_E2530990_EPISODE_5_1_PA1552_FRENCH_PARISIAN_audio_16802332.mxf
/mnt/data/dubsync/WB_Proxies/E2531088_HELLO_LADIES_YR01_13_14_POOL_PARTY_105_16x9_EPISODE_2_0_LTRT_640x360_23976fps_16794245.mp4,/mnt/data/dubsync/WB_Batch_1/ASP2595403_Juice_Productions_HELLO_LADIES_YR01_13_14_POOL_PARTY_105_16x9_E2531091_EPISODE_2_0_LTRT_PA1552_FRENCH_PARISIAN_audio_16802325.mxf;/mnt/data/dubsync/WB_Batch_1/ASP2595512_Juice_Productions_HELLO_LADIES_YR01_13_14_POOL_PARTY_105_16x9_E2531091_EPISODE_5_1_PA1552_FRENCH_PARISIAN_audio_16802333.mxf
/mnt/data/dubsync/WB_Proxies/E2531089_HELLO_LADIES_YR01_13_14_WEDDING_THE_107_16x9_EPISODE_2_0_LTRT_640x360_23976fps_16794243.mp4,/mnt/data/dubsync/WB_Batch_1/ASP2595438_Juice_Productions_HELLO_LADIES_YR01_13_14_WEDDING_THE_107_16x9_E2530734_EPISODE_2_0_LTRT_PA1552_FRENCH_PARISIAN_audio_16802327.mxf;/mnt/data/dubsync/WB_Batch_1/ASP2595463_Juice_Productions_HELLO_LADIES_YR01_13_14_WEDDING_THE_107_16x9_E2530734_EPISODE_5_1_PA1552_FRENCH_PARISIAN_audio_16802335.mxf
/mnt/data/dubsync/WB_Proxies/E2531483_HELLO_LADIES_YR01_13_14_DRIVE_THE_108_16x9_EPISODE_2_0_LTRT_640x360_23976fps_16794242.mp4,/mnt/data/dubsync/WB_Batch_1/ASP2595466_Juice_Productions_HELLO_LADIES_YR01_13_14_DRIVE_THE_108_16x9_E2531090_EPISODE_2_0_LTRT_PA1552_FRENCH_PARISIAN_audio_16802328.mxf;/mnt/data/dubsync/WB_Batch_1/ASP2595467_Juice_Productions_HELLO_LADIES_YR01_13_14_DRIVE_THE_108_16x9_E2531090_EPISODE_5_1_PA1552_FRENCH_PARISIAN_audio_16802336.mxf;/mnt/data/dubsync/WB_Batch_2/Upload 3/ASP2649135_Juice_Productions_HELLO_LADIES_YR01_13_14_DRIVE_THE_108_16x9_E2531483_EPISODE_5_1_PA1552_FRENCH_PARISIAN_audio_16823777.mxf
/mnt/data/dubsync/WB_Proxies/E2531484_HELLO_LADIES_YR01_13_14_LIMO_THE_102_16x9_EPISODE_2_0_LTRT_640x360_23976fps_16794248.mp4,/mnt/data/dubsync/WB_Batch_1/ASP2595370_Juice_Productions_HELLO_LADIES_YR01_13_14_LIMO_THE_102_16x9_E2530988_EPISODE_2_0_LTRT_PA1552_FRENCH_PARISIAN_audio_16802322.mxf;/mnt/data/dubsync/WB_Batch_1/ASP2595408_Juice_Productions_HELLO_LADIES_YR01_13_14_LIMO_THE_102_16x9_E2530988_EPISODE_5_1_PA1552_FRENCH_PARISIAN_audio_16802330.mxf
/mnt/data/dubsync/WB_Proxies/E2531485_HELLO_LADIES_YR01_13_14_LONG_BEACH_106_16x9_EPISODE_2_0_LTRT_640x360_23976fps_16794244.mp4,/mnt/data/dubsync/WB_Batch_1/ASP2595373_Juice_Productions_HELLO_LADIES_YR01_13_14_LONG_BEACH_106_16x9_E2530041_EPISODE_2_0_LTRT_PA1552_FRENCH_PARISIAN_audio_16802326.mxf;/mnt/data/dubsync/WB_Batch_1/ASP2595452_Juice_Productions_HELLO_LADIES_YR01_13_14_LONG_BEACH_106_16x9_E2530041_EPISODE_5_1_PA1552_FRENCH_PARISIAN_audio_16802334.mxf
/mnt/data/dubsync/WB_Proxies/E2847444_WE_RE_HERE_YR02_21_21_SPARTANBURG_SOUTH_CAROLINA_201_16x9_EPISODE_2_0_LTRT_640x360_23976fps_16825693.mp4,/mnt/data/dubsync/WB_Batch_2/Upload 2/E3919433_WeReHere_007_E3919433_feature_FR_ENG_24H_1_2_A.mxf;/mnt/data/dubsync/WB_Batch_2/Upload 2/E3919433_WeReHere_007_E3919433_feature_FR_ENG_24H_5_6_C.mxf;/mnt/data/dubsync/WB_Batch_2/Upload 2/E3919433_WeReHere_007_E3919433_feature_FR_ENG_24H_7_8_D.mxf;/mnt/data/dubsync/WB_Batch_2/Upload 2/E3919433_WeReHere_007_E3919433_feature_FR_ENG_24H_9_10_E.mxf
/mnt/data/dubsync/WB_Proxies/E2847445_WE_RE_HERE_YR02_21_21_TEMECULA_CALIFORNIA_202_16x9_EPISODE_2_0_LTRT_640x360_23976fps_16825692.mp4,/mnt/data/dubsync/WB_Batch_2/Upload 2/E3919286_WeReHere_008_24H_1_2_A.mxf;/mnt/data/dubsync/WB_Batch_2/Upload 2/E3919286_WeReHere_008_24H_5_6_C.mxf;/mnt/data/dubsync/WB_Batch_2/Upload 2/E3919286_WeReHere_008_24H_7_8_D.mxf;/mnt/data/dubsync/WB_Batch_2/Upload 2/E3919286_WeReHere_008_24H_9_10_E.mxf
/mnt/data/dubsync/WB_Proxies/E2847446_WE_RE_HERE_YR02_21_21_GRAND_JUNCTION_COLORADO_208_16x9_EPISODE_2_0_LTRT_640x360_23976fps_16825686.mp4,/mnt/data/dubsync/WB_Batch_2/Upload 2/E3919386_WeReHere_014_feature_FR_2.0_5.1_ENG_2.0_5.1_24H_1_2_A.mxf;/mnt/data/dubsync/WB_Batch_2/Upload 2/E3919386_WeReHere_014_feature_FR_2.0_5.1_ENG_2.0_5.1_24H_5_6_C.mxf;/mnt/data/dubsync/WB_Batch_2/Upload 2/E3919386_WeReHere_014_feature_FR_2.0_5.1_ENG_2.0_5.1_24H_7_8_D.mxf;/mnt/data/dubsync/WB_Batch_2/Upload 2/E3919386_WeReHere_014_feature_FR_2.0_5.1_ENG_2.0_5.1_24H_9_10_E.mxf
/mnt/data/dubsync/WB_Proxies/E2848033_WE_RE_HERE_YR02_21_21_DEL_RIO_TEXAS_203_16x9_EPISODE_2_0_LTRT_640x360_23976fps_16825691.mp4,/mnt/data/dubsync/WB_Batch_2/Upload 3/ASP2651083_Juice_Productions_WE_RE_HERE_YR02_21_21_DEL_RIO_TEXAS_203_16x9_E3919138_EPISODE_2_0_LTRT_FRENCH_PARISIAN_audio_16836679.mxf;/mnt/data/dubsync/WB_Batch_2/Upload 3/ASP2651780_Juice_Productions_WE_RE_HERE_YR02_21_21_DEL_RIO_TEXAS_203_16x9_E3919138_EPISODE_5_1_FRENCH_PARISIAN_audio_16836687.mxf
/mnt/data/dubsync/WB_Proxies/E2848034_WE_RE_HERE_YR02_21_21_SELMA_ALABAMA_204_16x9_EPISODE_2_0_LTRT_640x360_23976fps_16825690.mp4,/mnt/data/dubsync/WB_Batch_2/Upload 2/E3919287_WeReHere_010_24H_1_2_A.mxf;/mnt/data/dubsync/WB_Batch_2/Upload 2/E3919287_WeReHere_010_24H_5_6_C.mxf;/mnt/data/dubsync/WB_Batch_2/Upload 2/E3919287_WeReHere_010_24H_7_8_D.mxf;/mnt/data/dubsync/WB_Batch_2/Upload 2/E3919287_WeReHere_010_24H_9_10_E.mxf
/mnt/data/dubsync/WB_Proxies/E2848035_WE_RE_HERE_YR02_21_21_EVANSVILLE_INDIANA_205_16x9_EPISODE_2_0_LTRT_640x360_23976fps_16825689.mp4,/mnt/data/dubsync/WB_Batch_2/Upload 2/E3919383_WeReHere_011_feature_FR_2.0_5.1_ENG_2.0_5.1_24H_1_2_A.mxf;/mnt/data/dubsync/WB_Batch_2/Upload 2/E3919383_WeReHere_011_feature_FR_2.0_5.1_ENG_2.0_5.1_24H_5_6_C.mxf;/mnt/data/dubsync/WB_Batch_2/Upload 2/E3919383_WeReHere_011_feature_FR_2.0_5.1_ENG_2.0_5.1_24H_7_8_D.mxf;/mnt/data/dubsync/WB_Batch_2/Upload 2/E3919383_WeReHere_011_feature_FR_2.0_5.1_ENG_2.0_5.1_24H_9_10_E.mxf
/mnt/data/dubsync/WB_Proxies/E2848036_WE_RE_HERE_YR02_21_21_WATERTOWN_SOUTH_DAKOTA_206_16x9_EPISODE_2_0_LTRT_640x360_23976fps_16825688.mp4,/mnt/data/dubsync/WB_Batch_2/Upload 2/E3919384_WeReHere_012_feature_FR_ENG_24H_1_2_A.mxf;/mnt/data/dubsync/WB_Batch_2/Upload 2/E3919384_WeReHere_012_feature_FR_ENG_24H_5_6_C.mxf;/mnt/data/dubsync/WB_Batch_2/Upload 2/E3919384_WeReHere_012_feature_FR_ENG_24H_7_8_D.mxf;/mnt/data/dubsync/WB_Batch_2/Upload 2/E3919384_WeReHere_012_feature_FR_ENG_24H_9_10_E.mxf
/mnt/data/dubsync/WB_Proxies/E2848037_WE_RE_HERE_YR02_21_21_KONA_HAWAII_207_16x9_EPISODE_2_0_LTRT_640x360_23976fps_16825687.mp4,/mnt/data/dubsync/WB_Batch_2/Upload 2/E3919385_WeReHere_013_E3919385_feature_FR_2.0_5.1_ENG_2.0_5.1_24H_1_2_A.mxf;/mnt/data/dubsync/WB_Batch_2/Upload 2/E3919385_WeReHere_013_E3919385_feature_FR_2.0_5.1_ENG_2.0_5.1_24H_5_6_C.mxf;/mnt/data/dubsync/WB_Batch_2/Upload 2/E3919385_WeReHere_013_E3919385_feature_FR_2.0_5.1_ENG_2.0_5.1_24H_7_8_D.mxf;/mnt/data/dubsync/WB_Batch_2/Upload 2/E3919385_WeReHere_013_E3919385_feature_FR_2.0_5.1_ENG_2.0_5.1_24H_9_10_E.mxf
/mnt/data/dubsync/WB_Proxies/E2901885_GIRL_BEFORE_THE_EPS04_04_16x9_EPISODE_STEREO_640x360_23976fps_16825694.mp4,/mnt/data/dubsync/WB_Batch_2/Upload 2/E3267748_GirlBeforeS01The_04Episode4_hd25p_6de2de2en_24H_1_2_A.mxf;/mnt/data/dubsync/WB_Batch_2/Upload 2/E3267748_GirlBeforeS01The_04Episode4_hd25p_6de2de2en_24H_3_4_B.mxf;/mnt/data/dubsync/WB_Batch_2/Upload 2/E3267748_GirlBeforeS01The_04Episode4_hd25p_6de2de2en_24H_5_6_C.mxf;/mnt/data/dubsync/WB_Batch_2/Upload 2/E3267748_GirlBeforeS01The_04Episode4_hd25p_6de2de2en_24H_7_8_D.mxf
/mnt/data/dubsync/WB_Proxies/E2901889_GIRL_BEFORE_THE_EPS01_01_16x9_EPISODE_STEREO_640x360_23976fps_16825697.mp4,/mnt/data/dubsync/WB_Batch_2/Upload 2/E3267749_GirlBeforeS01The_01Episode1_hd25p_6de2de2en_24H_1_2_A.mxf;/mnt/data/dubsync/WB_Batch_2/Upload 2/E3267749_GirlBeforeS01The_01Episode1_hd25p_6de2de2en_24H_3_4_B.mxf;/mnt/data/dubsync/WB_Batch_2/Upload 2/E3267749_GirlBeforeS01The_01Episode1_hd25p_6de2de2en_24H_5_6_C.mxf;/mnt/data/dubsync/WB_Batch_2/Upload 2/E3267749_GirlBeforeS01The_01Episode1_hd25p_6de2de2en_24H_7_8_D.mxf
/mnt/data/dubsync/WB_Proxies/E2901890_GIRL_BEFORE_THE_EPS02_02_16x9_EPISODE_STEREO_640x360_23976fps_16825696.mp4,/mnt/data/dubsync/WB_Batch_2/Upload 2/E3267750_GirlBeforeS01The_02Episode2_hd25p_6de2de2en_24H_1_2_A.mxf;/mnt/data/dubsync/WB_Batch_2/Upload 2/E3267750_GirlBeforeS01The_02Episode2_hd25p_6de2de2en_24H_3_4_B.mxf;/mnt/data/dubsync/WB_Batch_2/Upload 2/E3267750_GirlBeforeS01The_02Episode2_hd25p_6de2de2en_24H_5_6_C.mxf;/mnt/data/dubsync/WB_Batch_2/Upload 2/E3267750_GirlBeforeS01The_02Episode2_hd25p_6de2de2en_24H_7_8_D.mxf
/mnt/data/dubsync/WB_Proxies/E2901945_GIRL_BEFORE_THE_EPS03_03_16x9_EPISODE_STEREO_640x360_23976fps_16825695.mp4,/mnt/data/dubsync/WB_Batch_2/Upload 2/E3267751_GirlBeforeS01The_03Episode3_hd25p_6de2de2en_24H_1_2_A.mxf;/mnt/data/dubsync/WB_Batch_2/Upload 2/E3267751_GirlBeforeS01The_03Episode3_hd25p_6de2de2en_24H_3_4_B.mxf;/mnt/data/dubsync/WB_Batch_2/Upload 2/E3267751_GirlBeforeS01The_03Episode3_hd25p_6de2de2en_24H_5_6_C.mxf;/mnt/data/dubsync/WB_Batch_2/Upload 2/E3267751_GirlBeforeS01The_03Episode3_hd25p_6de2de2en_24H_7_8_D.mxf
/mnt/data/dubsync/WB_Proxies/E3110259_WE_RE_HERE_YR03_22_23_JACKSON_MISSISSIPPI_305_16x9_EPISODE_2_0_LTRT_640x360_23976fps_16825703.mp4,/mnt/data/dubsync/WB_Batch_2/Upload 2/E3919387_WeReHere_019_feature_FR_ENG_24H_1_2_A.mxf;/mnt/data/dubsync/WB_Batch_2/Upload 2/E3919387_WeReHere_019_feature_FR_ENG_24H_5_6_C.mxf;/mnt/data/dubsync/WB_Batch_2/Upload 2/E3919387_WeReHere_019_feature_FR_ENG_24H_7_8_D.mxf;/mnt/data/dubsync/WB_Batch_2/Upload 2/E3919387_WeReHere_019_feature_FR_ENG_24H_9_10_E.mxf;/mnt/data/dubsync/WB_Batch_2/Upload 3/ASP2651089_Juice_Productions_WE_RE_HERE_YR03_22_23_JACKSON_MISSISSIPPI_305_16x9_E3919484_EPISODE_2_0_LTRT_FRENCH_PARISIAN_audio_16836688.mxf;/mnt/data/dubsync/WB_Batch_2/Upload 3/ASP2651095_Juice_Productions_WE_RE_HERE_YR03_22_23_JACKSON_MISSISSIPPI_305_16x9_E3919484_EPISODE_5_1_FRENCH_PARISIAN_audio_16836694.mxf
/mnt/data/dubsync/WB_Proxies/E3110260_WE_RE_HERE_YR03_22_23_ST_GEORGE_UTAH_303_16x9_EPISODE_2_0_LTRT_640x360_23976fps_16825702.mp4,/mnt/data/dubsync/WB_Batch_2/Upload 2/E3919483_WeReHere_017_feature_FR_ENG_24H_1_2_A.mxf;/mnt/data/dubsync/WB_Batch_2/Upload 2/E3919483_WeReHere_017_feature_FR_ENG_24H_5_6_C.mxf;/mnt/data/dubsync/WB_Batch_2/Upload 2/E3919483_WeReHere_017_feature_FR_ENG_24H_7_8_D.mxf;/mnt/data/dubsync/WB_Batch_2/Upload 2/E3919483_WeReHere_017_feature_FR_ENG_24H_9_10_E.mxf;/mnt/data/dubsync/WB_Batch_2/Upload 3/ASP2651088_Juice_Productions_WE_RE_HERE_YR03_22_23_ST_GEORGE_UTAH_303_16x9_E3919483_EPISODE_2_0_LTRT_FRENCH_PARISIAN_audio_16836684.mxf;/mnt/data/dubsync/WB_Batch_2/Upload 3/ASP2651096_Juice_Productions_WE_RE_HERE_YR03_22_23_ST_GEORGE_UTAH_303_16x9_E3919483_EPISODE_5_1_FRENCH_PARISIAN_audio_16836692.mxf
/mnt/data/dubsync/WB_Proxies/E3110636_WE_RE_HERE_YR03_22_23_GRANBURY_TEXAS_304_16x9_EPISODE_2_0_LTRT_640x360_23976fps_16825698.mp4,/mnt/data/dubsync/WB_Batch_2/Upload 2/E3919485_WeReHere_018_feature_FR_ENG_24H_1_2_A.mxf;/mnt/data/dubsync/WB_Batch_2/Upload 2/E3919485_WeReHere_018_feature_FR_ENG_24H_5_6_C.mxf;/mnt/data/dubsync/WB_Batch_2/Upload 2/E3919485_WeReHere_018_feature_FR_ENG_24H_7_8_D.mxf;/mnt/data/dubsync/WB_Batch_2/Upload 2/E3919485_WeReHere_018_feature_FR_ENG_24H_9_10_E.mxf;/mnt/data/dubsync/WB_Batch_2/Upload 3/ASP2651116_Juice_Productions_WE_RE_HERE_YR03_22_23_GRANBURY_TEXAS_304_16x9_E3919389_EPISODE_5_1_FRENCH_PARISIAN_audio_16836693.mxf;/mnt/data/dubsync/WB_Batch_2/Upload 3/ASP2651123_Juice_Productions_WE_RE_HERE_YR03_22_23_GRANBURY_TEXAS_304_16x9_E3919389_EPISODE_2_0_LTRT_FRENCH_PARISIAN_audio_16836685.mxf
/mnt/data/dubsync/WB_Proxies/E3110637_WE_RE_HERE_YR03_22_23_SUSSEX_NEW_JERSEY_306_16x9_EPISODE_2_0_LTRT_640x360_23976fps_16825701.mp4,/mnt/data/dubsync/WB_Batch_2/Upload 3/ASP2651121_Juice_Productions_WE_RE_HERE_YR03_22_23_SUSSEX_NEW_JERSEY_306_16x9_E3919485_EPISODE_5_1_FRENCH_PARISIAN_audio_16836695.mxf;/mnt/data/dubsync/WB_Batch_2/Upload 3/ASP2651125_Juice_Productions_WE_RE_HERE_YR03_22_23_SUSSEX_NEW_JERSEY_306_16x9_E3919485_EPISODE_2_0_LTRT_FRENCH_PARISIAN_audio_16836689.mxf
/mnt/data/dubsync/WB_Proxies/E3110988_WE_RE_HERE_YR03_22_23_FLORIDA_PART_1_301_16x9_EPISODE_2_0_LTRT_640x360_23976fps_16825700.mp4,/mnt/data/dubsync/WB_Batch_2/Upload 2/E3919389_WeReHere_015_feature_FR_ENG_24H_1_2_A.mxf;/mnt/data/dubsync/WB_Batch_2/Upload 2/E3919389_WeReHere_015_feature_FR_ENG_24H_5_6_C.mxf;/mnt/data/dubsync/WB_Batch_2/Upload 2/E3919389_WeReHere_015_feature_FR_ENG_24H_7_8_D.mxf;/mnt/data/dubsync/WB_Batch_2/Upload 2/E3919389_WeReHere_015_feature_FR_ENG_24H_9_10_E.mxf;/mnt/data/dubsync/WB_Batch_2/Upload 3/ASP2651104_Juice_Productions_WE_RE_HERE_YR03_22_23_FLORIDA_PART_1_301_16x9_E3919387_EPISODE_2_0_LTRT_FRENCH_PARISIAN_audio_16836682.mxf;/mnt/data/dubsync/WB_Batch_2/Upload 3/ASP2651107_Juice_Productions_WE_RE_HERE_YR03_22_23_FLORIDA_PART_1_301_16x9_E3919387_EPISODE_5_1_FRENCH_PARISIAN_audio_16836690.mxf
/mnt/data/dubsync/WB_Proxies/E3110989_WE_RE_HERE_YR03_22_23_FLORIDA_PART_2_302_16x9_EPISODE_2_0_LTRT_640x360_23976fps_16825699.mp4,/mnt/data/dubsync/WB_Batch_2/Upload 2/E3919484_WeReHere_016_feature_FR_ENG_24H_1_2_A.mxf;/mnt/data/dubsync/WB_Batch_2/Upload 2/E3919484_WeReHere_016_feature_FR_ENG_24H_5_6_C.mxf;/mnt/data/dubsync/WB_Batch_2/Upload 2/E3919484_WeReHere_016_feature_FR_ENG_24H_7_8_D.mxf;/mnt/data/dubsync/WB_Batch_2/Upload 2/E3919484_WeReHere_016_feature_FR_ENG_24H_9_10_E.mxf;/mnt/data/dubsync/WB_Batch_2/Upload 3/ASP2651130_Juice_Productions_WE_RE_HERE_YR03_22_23_FLORIDA_PART_2_302_16x9_E3919388_EPISODE_2_0_LTRT_FRENCH_PARISIAN_audio_16836683.mxf;/mnt/data/dubsync/WB_Batch_2/Upload 3/ASP2651131_Juice_Productions_WE_RE_HERE_YR03_22_23_FLORIDA_PART_2_302_16x9_E3919388_EPISODE_5_1_FRENCH_PARISIAN_audio_16836691.mxf;/mnt/data/dubsync/WB_Batch_2/Upload 3/ASP2651351_Juice_Productions_WE_RE_HERE_YR03_22_23_FLORIDA_PART_2_302_16x9_E3919388_EPISODE_2_0_LTRT_FRENCH_PARISIAN_audio_16837621.mxf
/mnt/data/dubsync/WB_Proxies/E3217689_RIGHTEOUS_GEMSTONES_THE_YR03_23_24_FOR_THEIR_NAKEDNESS_IS_YOUR_OWN_NAKEDNESS_303_16x9_EPISODE_2_0_LTRT_640x360_23976fps_16794074.mp4,/mnt/data/dubsync/WB_Batch_1/ASP2595533_Juice_Productions_RIGHTEOUS_GEMSTONES_THE_YR03_23_24_FOR_THEIR_NAKEDNESS_IS_YOUR_OWN_NAKEDNESS_303_16x9_E3256334_EPISODE_2_0_LTRT_FRENCH_PARISIAN_audio_16802279.mxf;/mnt/data/dubsync/WB_Batch_1/ASP2595563_Juice_Productions_RIGHTEOUS_GEMSTONES_THE_YR03_23_24_FOR_THEIR_NAKEDNESS_IS_YOUR_OWN_NAKEDNESS_303_16x9_E3256334_EPISODE_5_1_FRENCH_PARISIAN_audio_16802296.mxf
/mnt/data/dubsync/WB_Proxies/E3217690_RIGHTEOUS_GEMSTONES_THE_YR03_23_24_I_HAVE_NOT_COME_TO_BRING_PEACE_BUT_A_SWORD_304_16x9_EPISODE_2_0_LTRT_640x360_23976fps_16794073.mp4,/mnt/data/dubsync/WB_Batch_1/ASP2595135_Juice_Productions_RIGHTEOUS_GEMSTONES_THE_YR03_23_24_I_HAVE_NOT_COME_TO_BRING_PEACE_BUT_A_SWORD_304_16x9_E3256335_EPISODE_2_0_LTRT_FRENCH_PARISIAN_audio_16802280.mxf;/mnt/data/dubsync/WB_Batch_1/ASP2595285_Juice_Productions_RIGHTEOUS_GEMSTONES_THE_YR03_23_24_I_HAVE_NOT_COME_TO_BRING_PEACE_BUT_A_SWORD_304_16x9_E3256335_EPISODE_5_1_FRENCH_PARISIAN_audio_16802297.mxf
/mnt/data/dubsync/WB_Proxies/E3218185_RIGHTEOUS_GEMSTONES_THE_YR03_23_24_INTERLUDE_III_305_16x9_EPISODE_2_0_LTRT_640x360_23976fps_16794072.mp4,/mnt/data/dubsync/WB_Batch_1/ASP2595008_Juice_Productions_RIGHTEOUS_GEMSTONES_THE_YR03_23_24_INTERLUDE_III_305_16x9_E3256336_EPISODE_2_0_LTRT_FRENCH_PARISIAN_audio_16802281.mxf;/mnt/data/dubsync/WB_Batch_1/ASP2595280_Juice_Productions_RIGHTEOUS_GEMSTONES_THE_YR03_23_24_INTERLUDE_III_305_16x9_E3256336_EPISODE_5_1_FRENCH_PARISIAN_audio_16802298.mxf
/mnt/data/dubsync/WB_Proxies/E3218186_RIGHTEOUS_GEMSTONES_THE_YR03_23_24_FOR_OUT_OF_THE_HEART_COME_EVIL_THOUGHTS_306_16x9_EPISODE_2_0_LTRT_640x360_23976fps_16794071.mp4,/mnt/data/dubsync/WB_Batch_1/ASP2595129_Juice_Productions_RIGHTEOUS_GEMSTONES_THE_YR03_23_24_FOR_OUT_OF_THE_HEART_COME_EVIL_THOUGHTS_306_16x9_E3256383_EPISODE_2_0_LTRT_FRENCH_PARISIAN_audio_16802282.mxf;/mnt/data/dubsync/WB_Batch_1/ASP2595176_Juice_Productions_RIGHTEOUS_GEMSTONES_THE_YR03_23_24_FOR_OUT_OF_THE_HEART_COME_EVIL_THOUGHTS_306_16x9_E3256383_EPISODE_5_1_FRENCH_PARISIAN_audio_16802299.mxf
/mnt/data/dubsync/WB_Proxies/E3218187_RIGHTEOUS_GEMSTONES_THE_YR03_23_24_BURN_FOR_BURN_WOUND_FOR_WOUND_STRIP_FOR_STRIPE_307_16x9_EPISODE_2_0_LTRT_640x360_23976fps_16794070.mp4,/mnt/data/dubsync/WB_Batch_1/ASP2595157_Juice_Productions_RIGHTEOUS_GEMSTONES_THE_YR03_23_24_BURN_FOR_BURN_WOUND_FOR_WOUND_STRIP_FOR_STRIPE_307_16x9_E3256337_EPISODE_5_1_FRENCH_PARISIAN_audio_16802300.mxf;/mnt/data/dubsync/WB_Batch_1/ASP2595584_Juice_Productions_RIGHTEOUS_GEMSTONES_THE_YR03_23_24_BURN_FOR_BURN_WOUND_FOR_WOUND_STRIP_FOR_STRIPE_307_16x9_E3256337_EPISODE_2_0_LTRT_FRENCH_PARISIAN_audio_16802283.mxf
/mnt/data/dubsync/WB_Proxies/E3218188_RIGHTEOUS_GEMSTONES_THE_YR03_23_24_I_WILL_TAKE_YOU_BY_THE_HAND_AND_KEEP_YOU_308_16x9_EPISODE_2_0_LTRT_640x360_23976fps_16794069.mp4,/mnt/data/dubsync/WB_Batch_1/ASP2595143_Juice_Productions_RIGHTEOUS_GEMSTONES_THE_YR03_23_24_I_WILL_TAKE_YOU_BY_THE_HAND_AND_KEEP_YOU_308_16x9_E3256384_EPISODE_2_0_LTRT_FRENCH_PARISIAN_audio_16802284.mxf;/mnt/data/dubsync/WB_Batch_1/ASP2595172_Juice_Productions_RIGHTEOUS_GEMSTONES_THE_YR03_23_24_I_WILL_TAKE_YOU_BY_THE_HAND_AND_KEEP_YOU_308_16x9_E3256384_EPISODE_5_1_FRENCH_PARISIAN_audio_16802301.mxf
/mnt/data/dubsync/WB_Proxies/E3218189_RIGHTEOUS_GEMSTONES_THE_YR03_23_24_WODNERS_THAT_CANNOT_BE_FATHOMED_MIRACLES_THAT_CANNOT_BE_COUNTED_309_16x9_EPISODE_2_0_LTRT_640x360_23976fps_16794068.mp4,/mnt/data/dubsync/WB_Batch_1/ASP2595303_Juice_Productions_RIGHTEOUS_GEMSTONES_THE_YR03_23_24_WODNERS_THAT_CANNOT_BE_FATHOMED_MIRACLES_THAT_CANNOT_BE_COUNTED_309_16x9_E3256385_EPISODE_5_1_FRENCH_PARISIAN_audio_16802302.mxf;/mnt/data/dubsync/WB_Batch_1/ASP2595614_Juice_Productions_RIGHTEOUS_GEMSTONES_THE_YR03_23_24_WODNERS_THAT_CANNOT_BE_FATHOMED_MIRACLES_THAT_CANNOT_BE_COUNTED_309_16x9_E3256385_EPISODE_2_0_LTRT_FRENCH_PARISIAN_audio_16802285.mxf
/mnt/data/dubsync/WB_Proxies/E3218583_RIGHTEOUS_GEMSTONES_THE_YR03_23_24_FOR_I_KNOW_THE_PLANS_I_HAVE_FOR_YOU_301_16x9_EPISODE_2_0_LTRT_640x360_23976fps_16794067.mp4,/mnt/data/dubsync/WB_Batch_1/ASP2595125_Juice_Productions_RIGHTEOUS_GEMSTONES_THE_YR03_23_24_FOR_I_KNOW_THE_PLANS_I_HAVE_FOR_YOU_301_16x9_E3256283_EPISODE_5_1_FRENCH_PARISIAN_audio_16802294.mxf;/mnt/data/dubsync/WB_Batch_1/ASP2595535_Juice_Productions_RIGHTEOUS_GEMSTONES_THE_YR03_23_24_FOR_I_KNOW_THE_PLANS_I_HAVE_FOR_YOU_301_16x9_E3256283_EPISODE_2_0_LTRT_FRENCH_PARISIAN_audio_16802277.mxf
/mnt/data/dubsync/WB_Proxies/E3218584_RIGHTEOUS_GEMSTONES_THE_YR03_23_24_BUT_ESAU_RAN_TO_MEET_HIM_302_16x9_EPISODE_2_0_LTRT_640x360_23976fps_16794075.mp4,/mnt/data/dubsync/WB_Batch_1/ASP2595239_Juice_Productions_RIGHTEOUS_GEMSTONES_THE_YR03_23_24_BUT_ESAU_RAN_TO_MEET_HIM_302_16x9_E3256333_EPISODE_2_0_LTRT_FRENCH_PARISIAN_audio_16802278.mxf;/mnt/data/dubsync/WB_Batch_1/ASP2595283_Juice_Productions_RIGHTEOUS_GEMSTONES_THE_YR03_23_24_BUT_ESAU_RAN_TO_MEET_HIM_302_16x9_E3256333_EPISODE_5_1_FRENCH_PARISIAN_audio_16802295.mxf
/mnt/data/dubsync/WB_Proxies/E3314375_STUART_A_LIFE_BACKWARDS_16x9_FEATURE_STEREO_640x360_23976fps_16794257.mp4,/mnt/data/dubsync/WB_Batch_1/ASP2596150_Juice_Productions_STUART_A_LIFE_BACKWARDS_16x9_E3581094_FEATURE_STEREO_FRENCH_PARISIAN_audio_16803076.mxf;/mnt/data/dubsync/WB_Batch_1/ASP2596164_Juice_Productions_STUART_A_LIFE_BACKWARDS_16x9_E3581094_FEATURE_5_1_FRENCH_PARISIAN_audio_16803081.mxf
/mnt/data/dubsync/WB_Proxies/E3316008_SUNSET_LIMITED_THE_16x9_FEATURE_STEREO_640x360_23976fps_16794258.mp4,/mnt/data/dubsync/WB_Batch_1/ASP2595773_Juice_Productions_SUNSET_LIMITED_THE_16x9_E3555990_FEATURE_5_1_FRENCH_PARISIAN_audio_16803068.mxf;/mnt/data/dubsync/WB_Batch_1/ASP2595823_Juice_Productions_SUNSET_LIMITED_THE_16x9_E3555990_FEATURE_STEREO_FRENCH_PARISIAN_audio_16803075.mxf
/mnt/data/dubsync/WB_Proxies/E3435083_CURB_YOUR_ENTHUSIASM_YR12_24_25_LAWN_JOCKEY_THE_1202_16x9_EPISODE_2_0_LTRT_640x360_23976fps_16794184.mp4,/mnt/data/dubsync/WB_Batch_1/ASP2595622_Juice_Productions_CURB_YOUR_ENTHUSIASM_YR12_24_25_LAWN_JOCKEY_THE_1202_16x9_E3480845_EPISODE_2_0_LTRT_FRENCH_PARISIAN_audio_16803086.mxf;/mnt/data/dubsync/WB_Batch_1/ASP2595674_Juice_Productions_CURB_YOUR_ENTHUSIASM_YR12_24_25_LAWN_JOCKEY_THE_1202_16x9_E3480845_EPISODE_5_1_FRENCH_PARISIAN_audio_16803096.mxf
/mnt/data/dubsync/WB_Proxies/E3435133_CURB_YOUR_ENTHUSIASM_YR12_24_25_ATLANTA_1201_16x9_EPISODE_2_0_LTRT_640x360_23976fps_16794183.mp4,/mnt/data/dubsync/WB_Batch_1/ASP2595627_Juice_Productions_CURB_YOUR_ENTHUSIASM_YR12_24_25_ATLANTA_1201_16x9_E3480549_EPISODE_2_0_LTRT_FRENCH_PARISIAN_audio_16803085.mxf;/mnt/data/dubsync/WB_Batch_1/ASP2595720_Juice_Productions_CURB_YOUR_ENTHUSIASM_YR12_24_25_ATLANTA_1201_16x9_E3480549_EPISODE_5_1_FRENCH_PARISIAN_audio_16803095.mxf
/mnt/data/dubsync/WB_Proxies/E3435134_CURB_YOUR_ENTHUSIASM_YR12_24_25_GETTYSBUG_ADDRESS_THE_1206_16x9_EPISODE_2_0_LTRT_640x360_23976fps_16794188.mp4,/mnt/data/dubsync/WB_Batch_1/ASP2595808_Juice_Productions_CURB_YOUR_ENTHUSIASM_YR12_24_25_GETTYSBUG_ADDRESS_THE_1206_16x9_E3480553_EPISODE_2_0_LTRT_FRENCH_PARISIAN_audio_16803090.mxf;/mnt/data/dubsync/WB_Batch_1/ASP2595825_Juice_Productions_CURB_YOUR_ENTHUSIASM_YR12_24_25_GETTYSBUG_ADDRESS_THE_1206_16x9_E3480553_EPISODE_5_1_FRENCH_PARISIAN_audio_16803100.mxf
/mnt/data/dubsync/WB_Proxies/E3435135_CURB_YOUR_ENTHUSIASM_YR12_24_25_COLOSTOMY_BAG_THE_1208_16x9_EPISODE_2_0_LTRT_640x360_23976fps_16794190.mp4,/mnt/data/dubsync/WB_Batch_1/ASP2595708_Juice_Productions_CURB_YOUR_ENTHUSIASM_YR12_24_25_COLOSTOMY_BAG_THE_1208_16x9_E3480846_EPISODE_2_0_LTRT_FRENCH_PARISIAN_audio_16803092.mxf;/mnt/data/dubsync/WB_Batch_1/ASP2595755_Juice_Productions_CURB_YOUR_ENTHUSIASM_YR12_24_25_COLOSTOMY_BAG_THE_1208_16x9_E3480846_EPISODE_5_1_FRENCH_PARISIAN_audio_16803102.mxf
/mnt/data/dubsync/WB_Proxies/E3435183_CURB_YOUR_ENTHUSIASM_YR12_24_25_VERTICAL_DROP_HORIZONTAL_TUG_1203_16x9_EPISODE_2_0_LTRT_640x360_23976fps_16794185.mp4,/mnt/data/dubsync/WB_Batch_1/ASP2595665_Juice_Productions_CURB_YOUR_ENTHUSIASM_YR12_24_25_VERTICAL_DROP_HORIZONTAL_TUG_1203_16x9_E3480141_EPISODE_2_0_LTRT_FRENCH_PARISIAN_audio_16803087.mxf;/mnt/data/dubsync/WB_Batch_1/ASP2595765_Juice_Productions_CURB_YOUR_ENTHUSIASM_YR12_24_25_VERTICAL_DROP_HORIZONTAL_TUG_1203_16x9_E3480141_EPISODE_5_1_FRENCH_PARISIAN_audio_16803097.mxf
/mnt/data/dubsync/WB_Proxies/E3435233_CURB_YOUR_ENTHUSIASM_YR12_24_25_DISGRUNTLED_1204_16x9_EPISODE_2_0_LTRT_640x360_23976fps_16794186.mp4,/mnt/data/dubsync/WB_Batch_1/ASP2595875_Juice_Productions_CURB_YOUR_ENTHUSIASM_YR12_24_25_DISGRUNTLED_1204_16x9_E3480551_EPISODE_2_0_LTRT_FRENCH_PARISIAN_audio_16803088.mxf;/mnt/data/dubsync/WB_Batch_1/ASP2595882_Juice_Productions_CURB_YOUR_ENTHUSIASM_YR12_24_25_DISGRUNTLED_1204_16x9_E3480551_EPISODE_5_1_FRENCH_PARISIAN_audio_16803098.mxf
/mnt/data/dubsync/WB_Proxies/E3435283_CURB_YOUR_ENTHUSIASM_YR12_24_25_FISH_STUCK_1205_16x9_EPISODE_2_0_LTRT_640x360_23976fps_16794187.mp4,/mnt/data/dubsync/WB_Batch_1/ASP2595822_Juice_Productions_CURB_YOUR_ENTHUSIASM_YR12_24_25_FISH_STUCK_1205_16x9_E3480552_EPISODE_5_1_FRENCH_PARISIAN_audio_16803099.mxf;/mnt/data/dubsync/WB_Batch_1/ASP2595854_Juice_Productions_CURB_YOUR_ENTHUSIASM_YR12_24_25_FISH_STUCK_1205_16x9_E3480552_EPISODE_2_0_LTRT_FRENCH_PARISIAN_audio_16803089.mxf
/mnt/data/dubsync/WB_Proxies/E3435333_CURB_YOUR_ENTHUSIASM_YR12_24_25_DREAM_SCHEME_THE_1207_16x9_EPISODE_2_0_LTRT_640x360_23976fps_16794189.mp4,/mnt/data/dubsync/WB_Batch_1/ASP2595906_Juice_Productions_CURB_YOUR_ENTHUSIASM_YR12_24_25_DREAM_SCHEME_THE_1207_16x9_E3480554_EPISODE_5_1_FRENCH_PARISIAN_audio_16803101.mxf;/mnt/data/dubsync/WB_Batch_1/ASP2595922_Juice_Productions_CURB_YOUR_ENTHUSIASM_YR12_24_25_DREAM_SCHEME_THE_1207_16x9_E3480554_EPISODE_2_0_LTRT_FRENCH_PARISIAN_audio_16803091.mxf
/mnt/data/dubsync/WB_Proxies/E3435383_CURB_YOUR_ENTHUSIASM_YR12_24_25_KEN_KENDRA_1209_16x9_EPISODE_2_0_LTRT_640x360_23976fps_16794191.mp4,/mnt/data/dubsync/WB_Batch_1/ASP2595818_Juice_Productions_CURB_YOUR_ENTHUSIASM_YR12_24_25_KEN_KENDRA_1209_16x9_E3481836_EPISODE_2_0_LTRT_FRENCH_PARISIAN_audio_16803093.mxf;/mnt/data/dubsync/WB_Batch_1/ASP2595853_Juice_Productions_CURB_YOUR_ENTHUSIASM_YR12_24_25_KEN_KENDRA_1209_16x9_E3481836_EPISODE_5_1_FRENCH_PARISIAN_audio_16803103.mxf
/mnt/data/dubsync/WB_Proxies/E3435433_CURB_YOUR_ENTHUSIASM_YR12_24_25_NO_LESSONS_LEARNED_1210_16x9_EPISODE_2_0_LTRT_640x360_23976fps_16794192.mp4,/mnt/data/dubsync/WB_Batch_1/ASP2595865_Juice_Productions_CURB_YOUR_ENTHUSIASM_YR12_24_25_NO_LESSONS_LEARNED_1210_16x9_E3481837_EPISODE_2_0_LTRT_FRENCH_PARISIAN_audio_16803094.mxf;/mnt/data/dubsync/WB_Batch_1/ASP2595969_Juice_Productions_CURB_YOUR_ENTHUSIASM_YR12_24_25_NO_LESSONS_LEARNED_1210_16x9_E3481837_EPISODE_5_1_FRENCH_PARISIAN_audio_16803104.mxf
/mnt/data/dubsync/WB_Proxies/E4445483_RIGHTEOUS_GEMSTONES_THE_YR04_24_25_PRELUDE_401_16x9_EPISODE_2_0_LTRT_640x360_23976fps_16794076.mp4,/mnt/data/dubsync/WB_Batch_1/ASP2594994_Juice_Productions_RIGHTEOUS_GEMSTONES_THE_YR04_24_25_PRELUDE_401_16x9_E4430933_EPISODE_2_0_LTRT_FRENCH_PARISIAN_audio_16802267.mxf;/mnt/data/dubsync/WB_Batch_1/ASP2595070_Juice_Productions_RIGHTEOUS_GEMSTONES_THE_YR04_24_25_PRELUDE_401_16x9_E4430933_EPISODE_5_1_FRENCH_PARISIAN_audio_16802268.mxf
/mnt/data/dubsync/WB_Proxies/E4445533_RIGHTEOUS_GEMSTONES_THE_YR04_24_25_YOU_HURLED_ME_INTO_THE_DEPTHS_INTO_THE_VERY_HEART_OF_THE_SEAS_402_16x9_EPISODE_2_0_LTRT_640x360_23976fps_16794084.mp4,/mnt/data/dubsync/WB_Batch_1/ASP2594997_Juice_Productions_RIGHTEOUS_GEMSTONES_THE_YR04_24_25_YOU_HURLED_ME_INTO_THE_DEPTHS_INTO_THE_VERY_HEART_OF_THE_SEAS_402_16x9_E4430934_EPISODE_2_0_LTRT_FRENCH_PARISIAN_audio_16802269.mxf;/mnt/data/dubsync/WB_Batch_1/ASP2595089_Juice_Productions_RIGHTEOUS_GEMSTONES_THE_YR04_24_25_YOU_HURLED_ME_INTO_THE_DEPTHS_INTO_THE_VERY_HEART_OF_THE_SEAS_402_16x9_E4430934_EPISODE_5_1_FRENCH_PARISIAN_audio_16802286.mxf
/mnt/data/dubsync/WB_Proxies/E4445534_RIGHTEOUS_GEMSTONES_THE_YR04_24_25_TO_GRIEVE_LIKE_THE_REST_OF_MEN_WHO_HAVE_NO_HOPE_403_16x9_EPISODE_2_0_LTRT_640x360_23976fps_16794083.mp4,/mnt/data/dubsync/WB_Batch_1/ASP2594991_Juice_Productions_RIGHTEOUS_GEMSTONES_THE_YR04_24_25_TO_GRIEVE_LIKE_THE_REST_OF_MEN_WHO_HAVE_NO_HOPE_403_16x9_E4430935_EPISODE_2_0_LTRT_FRENCH_PARISIAN_audio_16802270.mxf;/mnt/data/dubsync/WB_Batch_1/ASP2595080_Juice_Productions_RIGHTEOUS_GEMSTONES_THE_YR04_24_25_TO_GRIEVE_LIKE_THE_REST_OF_MEN_WHO_HAVE_NO_HOPE_403_16x9_E4430935_EPISODE_5_1_FRENCH_PARISIAN_audio_16802287.mxf
/mnt/data/dubsync/WB_Proxies/E4445535_RIGHTEOUS_GEMSTONES_THE_YR04_24_25_HE_GOETH_BEFORE_YOU_INTO_GALILEE_404_16x9_EPISODE_2_0_LTRT_640x360_23976fps_16794082.mp4,/mnt/data/dubsync/WB_Batch_1/ASP2595011_Juice_Productions_RIGHTEOUS_GEMSTONES_THE_YR04_24_25_HE_GOETH_BEFORE_YOU_INTO_GALILEE_404_16x9_E4430936_EPISODE_2_0_LTRT_FRENCH_PARISIAN_audio_16802271.mxf;/mnt/data/dubsync/WB_Batch_1/ASP2595131_Juice_Productions_RIGHTEOUS_GEMSTONES_THE_YR04_24_25_HE_GOETH_BEFORE_YOU_INTO_GALILEE_404_16x9_E4430936_EPISODE_5_1_FRENCH_PARISIAN_audio_16802288.mxf
/mnt/data/dubsync/WB_Proxies/E4445536_RIGHTEOUS_GEMSTONES_THE_YR04_24_25_YOU_SHALL_REMEMBER_405_16x9_EPISODE_2_0_LTRT_640x360_23976fps_16794081.mp4,/mnt/data/dubsync/WB_Batch_1/ASP2594992_Juice_Productions_RIGHTEOUS_GEMSTONES_THE_YR04_24_25_YOU_SHALL_REMEMBER_405_16x9_E4430983_EPISODE_2_0_LTRT_FRENCH_PARISIAN_audio_16802272.mxf;/mnt/data/dubsync/WB_Batch_1/ASP2595091_Juice_Productions_RIGHTEOUS_GEMSTONES_THE_YR04_24_25_YOU_SHALL_REMEMBER_405_16x9_E4430983_EPISODE_5_1_FRENCH_PARISIAN_audio_16802289.mxf
/mnt/data/dubsync/WB_Proxies/E4445537_RIGHTEOUS_GEMSTONES_THE_YR04_24_25_INTERLUDE_IV_406_16x9_EPISODE_2_0_LTRT_640x360_23976fps_16794080.mp4,/mnt/data/dubsync/WB_Batch_1/ASP2594998_Juice_Productions_RIGHTEOUS_GEMSTONES_THE_YR04_24_25_INTERLUDE_IV_406_16x9_E4430984_EPISODE_2_0_LTRT_FRENCH_PARISIAN_audio_16802273.mxf;/mnt/data/dubsync/WB_Batch_1/ASP2595119_Juice_Productions_RIGHTEOUS_GEMSTONES_THE_YR04_24_25_INTERLUDE_IV_406_16x9_E4430984_EPISODE_5_1_FRENCH_PARISIAN_audio_16802290.mxf
/mnt/data/dubsync/WB_Proxies/E4445538_RIGHTEOUS_GEMSTONES_THE_YR04_24_25_FOR_JEALOUSY_IS_THE_RAGE_OF_A_MAN_407_16x9_EPISODE_2_0_LTRT_640x360_23976fps_16794079.mp4,/mnt/data/dubsync/WB_Batch_1/ASP2595137_Juice_Productions_RIGHTEOUS_GEMSTONES_THE_YR04_24_25_FOR_JEALOUSY_IS_THE_RAGE_OF_A_MAN_407_16x9_E4430985_EPISODE_5_1_FRENCH_PARISIAN_audio_16802291.mxf;/mnt/data/dubsync/WB_Batch_1/ASP2595572_Juice_Productions_RIGHTEOUS_GEMSTONES_THE_YR04_24_25_FOR_JEALOUSY_IS_THE_RAGE_OF_A_MAN_407_16x9_E4430985_EPISODE_2_0_LTRT_FRENCH_PARISIAN_audio_16802274.mxf
/mnt/data/dubsync/WB_Proxies/E4445539_RIGHTEOUS_GEMSTONES_THE_YR04_24_25_ON_YOUR_BELLY_YOU_SHALL_GO_408_16x9_EPISODE_2_0_LTRT_640x360_23976fps_16794078.mp4,/mnt/data/dubsync/WB_Batch_1/ASP2595126_Juice_Productions_RIGHTEOUS_GEMSTONES_THE_YR04_24_25_ON_YOUR_BELLY_YOU_SHALL_GO_408_16x9_E4430986_EPISODE_2_0_LTRT_FRENCH_PARISIAN_audio_16802275.mxf;/mnt/data/dubsync/WB_Batch_1/ASP2595169_Juice_Productions_RIGHTEOUS_GEMSTONES_THE_YR04_24_25_ON_YOUR_BELLY_YOU_SHALL_GO_408_16x9_E4430986_EPISODE_5_1_FRENCH_PARISIAN_audio_16802292.mxf
/mnt/data/dubsync/WB_Proxies/E4445583_RIGHTEOUS_GEMSTONES_THE_YR04_24_25_THAT_THE_MAN_OF_GOD_MAY_BE_COMPLETE_409_16x9_EPISODE_2_0_LTRT_640x360_23976fps_16794077.mp4,/mnt/data/dubsync/WB_Batch_1/ASP2595189_Juice_Productions_RIGHTEOUS_GEMSTONES_THE_YR04_24_25_THAT_THE_MAN_OF_GOD_MAY_BE_COMPLETE_409_16x9_E4430987_EPISODE_2_0_LTRT_FRENCH_PARISIAN_audio_16802276.mxf;/mnt/data/dubsync/WB_Batch_1/ASP2595286_Juice_Productions_RIGHTEOUS_GEMSTONES_THE_YR04_24_25_THAT_THE_MAN_OF_GOD_MAY_BE_COMPLETE_409_16x9_E4430987_EPISODE_5_1_FRENCH_PARISIAN_audio_16802293.mxf
